scenario,tree,metric,n,median,min,max
short-h1-c64,main,streams/s,3,427656.7545860072,426463.62767845794,432908.75960645825
short-h1-c64,main,GiB/s,3,26.09931180534318,26.026660049852982,26.41969630975948
short-h1-c64,main,TTFB p50 ms,3,0.14,0.139,0.141
short-h1-c64,main,TTFB p99 ms,3,0.218,0.214,0.22
short-h1-c64,main,TTFB p99.9 ms,3,0.258,0.253,0.261
short-h1-c64,main,TTLB p50 ms,3,0.145,0.144,0.146
short-h1-c64,main,TTLB p99 ms,3,0.226,0.222,0.228
short-h1-c64,main,TTLB p99.9 ms,3,0.269,0.263,0.271
short-h1-c64,main,srv CPU us/stream,3,45.748366163281425,45.733240226729855,46.037799140002456
short-h1-c64,main,srv cores busy,3,19.558129092065524,19.510014194355414,19.930166520709733
short-h1-c64,main,srv ctxsw/stream,3,0.2884271736102187,0.27983302750046957,0.28856701734430096
short-h1-c64,main,srv peak RSS MiB,3,21.40625,21.359375,21.62890625
short-h1-c64,main,errors,3,0,0,0
short-h1-c64,main,client CPU %,3,55.168497124581016,54.63564052889257,55.36102658474571
short-h1-c1000,main,streams/s,3,495198.5674633656,490364.3353289468,497503.95638242125
short-h1-c1000,main,GiB/s,3,30.222258939160476,29.919978832140714,30.363550080216818
short-h1-c1000,main,TTFB p50 ms,3,1.79,1.773,1.795
short-h1-c1000,main,TTFB p99 ms,3,4.81,4.765,4.854
short-h1-c1000,main,TTFB p99.9 ms,3,6.069,5.923,6.145
short-h1-c1000,main,TTLB p50 ms,3,1.824,1.806,1.826
short-h1-c1000,main,TTLB p99 ms,3,4.874,4.824,4.911
short-h1-c1000,main,TTLB p99.9 ms,3,6.209,6.031,6.247
short-h1-c1000,main,srv CPU us/stream,3,47.93285885827908,47.27232303584965,48.1803542147508
short-h1-c1000,main,srv cores busy,3,23.625927370429498,23.518167737723072,23.7362830410435
short-h1-c1000,main,srv ctxsw/stream,3,0.007946351671298112,0.0060322498171341745,0.00829758325374539
short-h1-c1000,main,srv peak RSS MiB,3,40.4453125,39.3515625,40.671875
short-h1-c1000,main,errors,3,0,0,0
short-h1-c1000,main,client CPU %,3,70.561503858439,69.57334442431076,71.29135358282656
short-h1-c5000,main,streams/s,3,490135.57692510914,480775.96653386694,491542.2893314192
short-h1-c5000,main,GiB/s,3,29.91371756112204,29.339239729925122,29.998709721297917
short-h1-c5000,main,TTFB p50 ms,3,9.264,9.035,9.368
short-h1-c5000,main,TTFB p99 ms,3,20.993,20.145,21.112
short-h1-c5000,main,TTFB p99.9 ms,3,23.971,23.696,24.265
short-h1-c5000,main,TTLB p50 ms,3,9.299,9.072,9.405
short-h1-c5000,main,TTLB p99 ms,3,21.03,20.186,21.144
short-h1-c5000,main,TTLB p99.9 ms,3,24.01,23.736,24.303
short-h1-c5000,main,srv CPU us/stream,3,48.74729252558519,48.58247535423111,49.681631484699004
short-h1-c5000,main,srv cores busy,3,23.88573439603556,23.88034115700601,23.892782345564758
short-h1-c5000,main,srv ctxsw/stream,3,0.011232974856709205,0.01099558540111431,0.011611940000907437
short-h1-c5000,main,srv peak RSS MiB,3,143.43359375,140.5,143.828125
short-h1-c5000,main,errors,3,0,0,0
short-h1-c5000,main,client CPU %,3,73.31218730690702,71.761219450446,73.51856133204124
short-h1-c10000,main,streams/s,3,473806.6350933757,473415.8794101833,481147.37210534955
short-h1-c10000,main,GiB/s,3,28.916241802724517,28.892240967839832,29.36529510006737
short-h1-c10000,main,TTFB p50 ms,3,24.514,23.921,24.902
short-h1-c10000,main,TTFB p99 ms,3,37.666,36.821,39.458
short-h1-c10000,main,TTFB p99.9 ms,3,41.543,40.566,43.231
short-h1-c10000,main,TTLB p50 ms,3,24.547,23.959,24.935
short-h1-c10000,main,TTLB p99 ms,3,37.711,36.874,39.493
short-h1-c10000,main,TTLB p99.9 ms,3,41.597,40.635,43.265
short-h1-c10000,main,srv CPU us/stream,3,50.32526092957566,49.47335055055263,50.32949181472409
short-h1-c10000,main,srv cores busy,3,23.82678062773523,23.803972606645146,23.844442541238372
short-h1-c10000,main,srv ctxsw/stream,3,0.013176926383744155,0.01305771869652466,0.014515466917476863
short-h1-c10000,main,srv peak RSS MiB,3,265.5,264.64453125,266.37890625
short-h1-c10000,main,errors,3,0,0,0
short-h1-c10000,main,client CPU %,3,72.35491178392095,72.17789401281094,74.37366325622565
short-h2-c64,main,streams/s,3,16828.267124845555,16637.806275879102,17254.303956458385
short-h2-c64,main,GiB/s,3,1.0269251573537,1.0154254830273133,1.0529711122372716
short-h2-c64,main,TTFB p50 ms,3,2.882,2.827,2.929
short-h2-c64,main,TTFB p99 ms,3,3.92,3.809,3.967
short-h2-c64,main,TTFB p99.9 ms,3,4.157,4.041,4.2
short-h2-c64,main,TTLB p50 ms,3,3.784,3.691,3.828
short-h2-c64,main,TTLB p99 ms,3,5.017,4.903,5.063
short-h2-c64,main,TTLB p99.9 ms,3,5.393,5.234,5.423
short-h2-c64,main,srv CPU us/stream,3,110.00570532021109,109.82669383780275,114.18634980437618
short-h2-c64,main,srv cores busy,3,1.8512053943855564,1.8272752559936472,1.9702059872031887
short-h2-c64,main,srv ctxsw/stream,3,4.1068330598185785,4.047140208244188,4.14606578756702
short-h2-c64,main,srv peak RSS MiB,3,20.03515625,19.5390625,20.03515625
short-h2-c64,main,errors,3,0,0,0
short-h2-c64,main,client CPU %,3,5.003055097468258,4.970748780672373,5.050528038261981
short-h2-c1000,main,streams/s,3,253032.11444713426,252076.0890530033,253578.91134780095
short-h2-c1000,main,GiB/s,3,15.441869251710003,15.384810658487217,15.47513779571824
short-h2-c1000,main,TTFB p50 ms,3,2.278,2.276,2.279
short-h2-c1000,main,TTFB p99 ms,3,3.881,3.88,3.882
short-h2-c1000,main,TTFB p99.9 ms,3,5.765,5.709,5.976
short-h2-c1000,main,TTLB p50 ms,3,3.492,3.486,3.496
short-h2-c1000,main,TTLB p99 ms,3,44.432,44.39,44.603
short-h2-c1000,main,TTLB p99.9 ms,3,47.071,47.07,47.349
short-h2-c1000,main,srv CPU us/stream,3,76.99881306177494,76.9153406704358,77.29452499098389
short-h2-c1000,main,srv cores busy,3,19.484101564936843,19.48317247894053,19.504108353154347
short-h2-c1000,main,srv ctxsw/stream,3,1.5684169295414023,1.5623373083556404,1.5746075254928487
short-h2-c1000,main,srv peak RSS MiB,3,72.07421875,70.51953125,72.30078125
short-h2-c1000,main,errors,3,0,0,0
short-h2-c1000,main,client CPU %,3,47.58280573978714,47.4151142179271,47.88767655727172
short-h2-c5000,main,streams/s,3,394003.95357858087,393389.278837596,394033.0991765762
short-h2-c5000,main,GiB/s,3,24.04328431211672,24.007095262522846,24.048179382503648
short-h2-c5000,main,TTFB p50 ms,3,3.255,3.238,3.276
short-h2-c5000,main,TTFB p99 ms,3,7.558,7.49,7.692
short-h2-c5000,main,TTFB p99.9 ms,3,9.805,9.702,10.014
short-h2-c5000,main,TTLB p50 ms,3,6.064,6.031,6.122
short-h2-c5000,main,TTLB p99 ms,3,51.366,51.36,51.542
short-h2-c5000,main,TTLB p99.9 ms,3,53.938,53.808,54.229
short-h2-c5000,main,srv CPU us/stream,3,58.42563732905571,58.41427813197164,58.47398681697726
short-h2-c5000,main,srv cores busy,3,23.015456529435667,23.003039504689777,23.021634948134476
short-h2-c5000,main,srv ctxsw/stream,3,0.2916022823030143,0.2901602921500785,0.292853975956542
short-h2-c5000,main,srv peak RSS MiB,3,181.66796875,181.5078125,185.703125
short-h2-c5000,main,errors,3,0,0,0
short-h2-c5000,main,client CPU %,3,75.73058302047505,75.72366697502073,76.43677706810313
short-h2-c10000,main,streams/s,3,390090.25061908073,389893.8129600176,392193.8063154249
short-h2-c10000,main,GiB/s,3,23.812152449810238,23.79194201539866,23.935487462660127
short-h2-c10000,main,TTFB p50 ms,3,7.715,7.701,7.758
short-h2-c10000,main,TTFB p99 ms,3,20.944,20.375,21.12
short-h2-c10000,main,TTFB p99.9 ms,3,26.611,26.235,27.425
short-h2-c10000,main,TTLB p50 ms,3,14.994,14.877,15.019
short-h2-c10000,main,TTLB p99 ms,3,64.973,64.433,65.121
short-h2-c10000,main,TTLB p99.9 ms,3,71.679,71.013,72.438
short-h2-c10000,main,srv CPU us/stream,3,59.28707250424459,59.027312914631366,59.29772359195147
short-h2-c10000,main,srv cores busy,3,23.131463857125325,23.11566275791694,23.150146528560914
short-h2-c10000,main,srv ctxsw/stream,3,0.2721257627573172,0.2620175676830116,0.27497884436765113
short-h2-c10000,main,srv peak RSS MiB,3,286.48828125,279.28515625,292.50390625
short-h2-c10000,main,errors,3,0,0,0
short-h2-c10000,main,client CPU %,3,75.73529381238498,75.4886957542323,76.25562239812199
short-h2x1-c1000,main,streams/s,3,24410.2610623079,24409.398564074956,24412.794440433805
short-h2x1-c1000,main,GiB/s,3,1.4900356710888396,1.4898291597363926,1.4901931375035429
short-h2x1-c1000,main,TTFB p50 ms,3,0.16,0.148,0.163
short-h2x1-c1000,main,TTFB p99 ms,3,0.477,0.395,0.52
short-h2x1-c1000,main,TTFB p99.9 ms,3,0.665,0.557,0.755
short-h2x1-c1000,main,TTLB p50 ms,3,41.008,41.008,41.009
short-h2x1-c1000,main,TTLB p99 ms,3,42.132,42.127,42.142
short-h2x1-c1000,main,TTLB p99.9 ms,3,42.394,42.347,42.435
short-h2x1-c1000,main,srv CPU us/stream,3,67.31923576482929,66.40666606582494,67.97146755274036
short-h2x1-c1000,main,srv cores busy,3,1.6432220568126474,1.6211722881395154,1.6592012677505832
short-h2x1-c1000,main,srv ctxsw/stream,3,0.7316408602767341,0.6954394791722148,0.7918656954879517
short-h2x1-c1000,main,srv peak RSS MiB,3,80.06640625,79.609375,80.390625
short-h2x1-c1000,main,errors,3,0,0,0
short-h2x1-c1000,main,client CPU %,3,5.05061265951805,5.030534614029465,5.060683875515517
short-h3-c64,main,streams/s,3,7493.78281254265,7279.6749192112475,7552.394797413212
short-h3-c64,main,GiB/s,3,0.45730146581529346,0.4442638020294136,0.46090023723410584
short-h3-c64,main,TTFB p50 ms,3,7.885,7.403,8.103
short-h3-c64,main,TTFB p99 ms,3,8.602,8.439,8.853
short-h3-c64,main,TTFB p99.9 ms,3,8.787,8.686,9.066
short-h3-c64,main,TTLB p50 ms,3,8.529,8.442,8.774
short-h3-c64,main,TTLB p99 ms,3,10.103,9.856,10.248
short-h3-c64,main,TTLB p99.9 ms,3,10.79,10.552,11.148
short-h3-c64,main,srv CPU us/stream,3,233.95168824235952,231.07685788442186,238.49757518306336
short-h3-c64,main,srv cores busy,3,1.7451836592888996,1.7361848163528453,1.7531831403159306
short-h3-c64,main,srv ctxsw/stream,3,22.555665287601762,22.364584988611686,22.65004327576969
short-h3-c64,main,srv peak RSS MiB,3,16.515625,16.48046875,16.93359375
short-h3-c64,main,errors,3,0,0,0
short-h3-c64,main,client CPU %,3,5.54309006027399,5.525577210636347,6.6081954319492295
short-h3-c1000,main,streams/s,3,89621.19854553846,89367.8633533621,90845.26708768301
short-h3-c1000,main,GiB/s,3,5.469164728163613,5.4538315340436325,5.544119227359601
short-h3-c1000,main,TTFB p50 ms,3,1.018,0.997,1.023
short-h3-c1000,main,TTFB p99 ms,3,4.281,4.068,4.291
short-h3-c1000,main,TTFB p99.9 ms,3,6.532,6.255,6.577
short-h3-c1000,main,TTLB p50 ms,3,11.432,11.276,11.476
short-h3-c1000,main,TTLB p99 ms,3,15.692,15.394,15.771
short-h3-c1000,main,TTLB p99.9 ms,3,17.488,17.459,17.92
short-h3-c1000,main,srv CPU us/stream,3,141.25156812517696,140.39634196686984,141.34362369073577
short-h3-c1000,main,srv cores busy,3,12.667384961933303,12.623350838658931,12.75434318411397
short-h3-c1000,main,srv ctxsw/stream,3,2.9980438302877293,2.9839373115474146,3.056919250911261
short-h3-c1000,main,srv peak RSS MiB,3,94.8359375,91.109375,96.05078125
short-h3-c1000,main,errors,3,0,0,0
short-h3-c1000,main,client CPU %,3,56.283522961704016,56.001122765155166,56.775979186242466
long256k-h1-c64,main,streams/s,3,4427.283028974854,4351.57100882411,4564.193374698386
long256k-h1-c64,main,GiB/s,3,34.58384890837027,33.997094831301006,35.65344370507826
long256k-h1-c64,main,TTFB p50 ms,3,1.406,0.846,1.618
long256k-h1-c64,main,TTFB p99 ms,3,3.454,3.292,3.47
long256k-h1-c64,main,TTFB p99.9 ms,3,4.183,4.052,4.351
long256k-h1-c64,main,TTLB p50 ms,3,6.311,5.968,6.406
long256k-h1-c64,main,TTLB p99 ms,3,55.101,54.668,55.6
long256k-h1-c64,main,TTLB p99.9 ms,3,62.652,61.763,62.894
long256k-h1-c64,main,srv CPU us/stream,3,5168.970814132104,4996.822753467581,5271.080876100296
long256k-h1-c64,main,srv cores busy,3,22.884496762673397,22.80646530591888,22.93748272560524
long256k-h1-c64,main,srv ctxsw/stream,3,0.9940815035691696,0.9876353106111099,1.0718934198128711
long256k-h1-c64,main,srv peak RSS MiB,3,324.24609375,312.0,337.09375
long256k-h1-c64,main,errors,3,0,0,0
long256k-h1-c64,main,client CPU %,3,45.5674715387338,44.46231254735536,46.68004596359251
long256k-h1-c1000,main,streams/s,3,5436.883588016389,5406.794663066941,5441.393227763501
long256k-h1-c1000,main,GiB/s,3,42.48882254123907,42.29839761530323,42.526484503037956
long256k-h1-c1000,main,TTFB p50 ms,3,55.973,55.606,56.574
long256k-h1-c1000,main,TTFB p99 ms,3,163.841,162.56,171.286
long256k-h1-c1000,main,TTFB p99.9 ms,3,207.867,195.326,231.778
long256k-h1-c1000,main,TTLB p50 ms,3,181.41,181.051,182.411
long256k-h1-c1000,main,TTLB p99 ms,3,338.489,334.33,340.336
long256k-h1-c1000,main,TTLB p99.9 ms,3,405.291,376.742,413.577
long256k-h1-c1000,main,srv CPU us/stream,3,4407.041553998124,4403.947948831054,4428.803965817025
long256k-h1-c1000,main,srv cores busy,3,23.960571896638644,23.945633646149194,23.963612544192266
long256k-h1-c1000,main,srv ctxsw/stream,3,0.045410824608782506,0.04431333627407734,0.0475139341095966
long256k-h1-c1000,main,srv peak RSS MiB,3,5866.06640625,5834.37890625,5889.04296875
long256k-h1-c1000,main,errors,3,0,0,0
long256k-h1-c1000,main,client CPU %,3,55.973602314890044,55.88099819370081,55.98115705396989
long256k-h1-c5000,main,streams/s,3,5444.670036263051,5437.064729427425,5476.79890822477
long256k-h1-c5000,main,GiB/s,3,42.555232731302084,42.535722667245075,42.64537661237096
long256k-h1-c5000,main,TTFB p50 ms,3,351.007,325.148,352.151
long256k-h1-c5000,main,TTFB p99 ms,3,841.916,826.571,842.677
long256k-h1-c5000,main,TTFB p99.9 ms,3,946.626,933.989,946.853
long256k-h1-c5000,main,TTLB p50 ms,3,915.068,913.029,915.593
long256k-h1-c5000,main,TTLB p99 ms,3,1699.073,1648.986,1704.426
long256k-h1-c5000,main,TTLB p99.9 ms,3,1878.874,1788.629,1880.133
long256k-h1-c5000,main,srv CPU us/stream,3,4402.1968736797635,4377.488039151236,4410.742205463073
long256k-h1-c5000,main,srv cores busy,3,23.97462171359048,23.968509411855084,23.981490875920212
long256k-h1-c5000,main,srv ctxsw/stream,3,0.08140923201263753,0.07468040099328613,0.08522333004638252
long256k-h1-c5000,main,srv peak RSS MiB,3,19471.453125,18877.171875,20135.3359375
long256k-h1-c5000,main,errors,3,0,0,0
long256k-h1-c5000,main,client CPU %,3,55.80334239789636,55.781099869660814,55.82329817618235
long256k-h2-c64,main,streams/s,3,153.91626822614504,150.715775495579,158.81643823191263
long256k-h2-c64,main,GiB/s,3,1.2034536142888361,1.1875251332049586,1.2294436796104864
long256k-h2-c64,main,TTFB p50 ms,3,20.352,19.972,20.592
long256k-h2-c64,main,TTFB p99 ms,3,29.723,28.403,30.771
long256k-h2-c64,main,TTFB p99.9 ms,3,30.659,29.265,32.758
long256k-h2-c64,main,TTLB p50 ms,3,415.39,406.102,420.258
long256k-h2-c64,main,TTLB p99 ms,3,455.808,445.478,457.72
long256k-h2-c64,main,TTLB p99.9 ms,3,464.494,463.443,466.789
long256k-h2-c64,main,srv CPU us/stream,3,5776.478232618583,5585.642317380352,5812.873258128732
long256k-h2-c64,main,srv cores busy,3,0.887091818083794,0.876091700956385,0.8890939730542101
long256k-h2-c64,main,srv ctxsw/stream,3,40.46095717884131,37.927875243664715,42.02521566025216
long256k-h2-c64,main,srv peak RSS MiB,3,695.875,674.9296875,712.7109375
long256k-h2-c64,main,errors,3,0,0,0
long256k-h2-c64,main,client CPU %,3,4.250449252508878,4.245444372785221,4.280443045545253
long256k-h2-c1000,main,streams/s,3,3392.4660118010265,3386.461206047867,3413.456973868796
long256k-h2-c1000,main,GiB/s,3,26.458189604163003,26.410869604337748,26.57943869208815
long256k-h2-c1000,main,TTFB p50 ms,3,13.066,12.966,13.198
long256k-h2-c1000,main,TTFB p99 ms,3,21.498,21.47,21.541
long256k-h2-c1000,main,TTFB p99.9 ms,3,23.572,23.515,23.709
long256k-h2-c1000,main,TTLB p50 ms,3,299.847,299.119,301.822
long256k-h2-c1000,main,TTLB p99 ms,3,326.702,324.362,393.6
long256k-h2-c1000,main,TTLB p99.9 ms,3,336.775,332.678,408.466
long256k-h2-c1000,main,srv CPU us/stream,3,5117.391689554354,5100.380295392235,5129.647534499429
long256k-h2-c1000,main,srv cores busy,3,17.32984843282757,17.302866799377835,17.50983115012595
long256k-h2-c1000,main,srv ctxsw/stream,3,32.579405088293385,32.01643667047552,32.681108059419394
long256k-h2-c1000,main,srv peak RSS MiB,3,7576.96875,7237.58203125,7651.73828125
long256k-h2-c1000,main,errors,3,0,0,0
long256k-h2-c1000,main,client CPU %,3,49.40533032132623,49.30775925435603,49.41266749770664
long256k-h2-c5000,main,streams/s,3,4823.17031239737,4809.272139869391,4837.739164094743
long256k-h2-c5000,main,GiB/s,3,38.23418939018301,38.15319812208145,38.26627289291981
long256k-h2-c5000,main,TTFB p50 ms,3,35.382,35.361,35.68
long256k-h2-c5000,main,TTFB p99 ms,3,67.45,66.467,68.099
long256k-h2-c5000,main,TTFB p99.9 ms,3,80.553,77.721,80.6
long256k-h2-c5000,main,TTLB p50 ms,3,1032.133,1031.451,1034.801
long256k-h2-c5000,main,TTLB p99 ms,3,1161.676,1158.642,1168.261
long256k-h2-c5000,main,TTLB p99.9 ms,3,1212.801,1205.166,1215.49
long256k-h2-c5000,main,srv CPU us/stream,3,4962.675735080662,4946.2498966344165,4977.852642086219
long256k-h2-c5000,main,srv cores busy,3,23.935830275495846,23.928666840347887,23.939848027960494
long256k-h2-c5000,main,srv ctxsw/stream,3,0.8779459191267676,0.8750051839256833,0.8805290411129827
long256k-h2-c5000,main,srv peak RSS MiB,3,38793.99609375,38677.4296875,38800.05859375
long256k-h2-c5000,main,errors,3,0,0,0
long256k-h2-c5000,main,client CPU %,3,70.76836795613112,70.21835359665397,71.06041965534641
long256k-h3-c64,main,streams/s,3,60.70651700243716,59.0065285000152,61.10664414374975
long256k-h3-c64,main,GiB/s,3,0.4672075990045133,0.46171815507986674,0.46961003389147565
long256k-h3-c64,main,TTFB p50 ms,3,6.87,6.771,6.875
long256k-h3-c64,main,TTFB p99 ms,3,24.287,21.929,27.811
long256k-h3-c64,main,TTFB p99.9 ms,3,35.006,27.748,43.804
long256k-h3-c64,main,TTLB p50 ms,3,1066.754,1059.784,1080.467
long256k-h3-c64,main,TTLB p99 ms,3,1239.242,1236.664,1252.017
long256k-h3-c64,main,TTLB p99.9 ms,3,1335.22,1301.81,1372.207
long256k-h3-c64,main,srv CPU us/stream,3,36490.939044481056,36284.7790507365,37305.08474576271
long256k-h3-c64,main,srv cores busy,3,2.215237811538687,2.20124354624633,2.217241081287941
long256k-h3-c64,main,srv ctxsw/stream,3,2571.37643207856,2533.34431630972,2627.935593220339
long256k-h3-c64,main,srv peak RSS MiB,3,64.91015625,64.109375,65.34375
long256k-h3-c64,main,errors,3,0,0,0
long256k-h3-c64,main,client CPU %,3,11.718774185832856,11.55877886676145,11.983786490637616
long1m-h1-c64,main,streams/s,3,1480.5633194592062,1476.7633086088642,1505.1561942727171
long1m-h1-c64,main,GiB/s,3,23.135298155126716,23.06881306566432,23.506435595530085
long1m-h1-c64,main,TTFB p50 ms,3,0.839,0.811,0.846
long1m-h1-c64,main,TTFB p99 ms,3,5.538,5.507,5.607
long1m-h1-c64,main,TTFB p99.9 ms,3,6.122,6.071,6.219
long1m-h1-c64,main,TTLB p50 ms,3,49.88,49.722,49.964
long1m-h1-c64,main,TTLB p99 ms,3,54.736,54.411,54.985
long1m-h1-c64,main,TTLB p99.9 ms,3,60.008,59.991,60.029
long1m-h1-c64,main,srv CPU us/stream,3,10048.504983388704,9956.092947851932,10079.913314370851
long1m-h1-c64,main,srv cores busy,3,14.885646136620842,14.74062602371605,15.124569518927773
long1m-h1-c64,main,srv ctxsw/stream,3,2.8894893272088624,2.887375415282392,2.8914397941216308
long1m-h1-c64,main,srv peak RSS MiB,3,414.63671875,411.18359375,439.89453125
long1m-h1-c64,main,errors,3,0,0,0
long1m-h1-c64,main,client CPU %,3,29.37574040854873,29.000707057690327,29.420553053167875
long1m-h1-c1000,main,streams/s,3,2768.08415740237,2767.895581077997,2774.8900570377505
long1m-h1-c1000,main,GiB/s,3,43.29350612119999,43.275889024704355,43.41207793897212
long1m-h1-c1000,main,TTFB p50 ms,3,61.869,61.787,62.071
long1m-h1-c1000,main,TTFB p99 ms,3,173.626,166.711,180.402
long1m-h1-c1000,main,TTFB p99.9 ms,3,229.826,228.411,232.888
long1m-h1-c1000,main,TTLB p50 ms,3,362.86,361.939,363.612
long1m-h1-c1000,main,TTLB p99 ms,3,564.24,563.909,577.634
long1m-h1-c1000,main,TTLB p99.9 ms,3,649.4,640.324,656.481
long1m-h1-c1000,main,srv CPU us/stream,3,8654.791154791155,8635.839400273913,8657.417443456898
long1m-h1-c1000,main,srv cores busy,3,23.963504885994933,23.955558192499375,23.964460069251963
long1m-h1-c1000,main,srv ctxsw/stream,3,0.06380979910391675,0.059576155121458946,0.06387744779247055
long1m-h1-c1000,main,srv peak RSS MiB,3,11778.69140625,11627.625,11856.6328125
long1m-h1-c1000,main,errors,3,0,0,0
long1m-h1-c1000,main,client CPU %,3,55.13816020232175,55.073381236816246,55.173267217483634
long1m-h2-c64,main,streams/s,3,76.40800021561377,73.70787195650023,77.60810763363557
long1m-h2-c64,main,GiB/s,3,1.1994151670467663,1.1759912251245506,1.226378126960702
long1m-h2-c64,main,TTFB p50 ms,3,40.789,39.986,41.9
long1m-h2-c64,main,TTFB p99 ms,3,51.767,49.942,52.752
long1m-h2-c64,main,TTFB p99.9 ms,3,55.357,53.147,55.922
long1m-h2-c64,main,TTLB p50 ms,3,829.528,809.751,849.172
long1m-h2-c64,main,TTLB p99 ms,3,966.53,959.184,978.04
long1m-h2-c64,main,TTLB p99.9 ms,3,1022.935,1011.18,1076.074
long1m-h2-c64,main,srv CPU us/stream,3,9149.484536082475,9018.324607329843,9321.57394843962
long1m-h2-c64,main,srv cores busy,3,0.6890721485413336,0.6870733790246358,0.7100741806685729
long1m-h2-c64,main,srv ctxsw/stream,3,34.23880597014925,33.852094240837694,34.753865979381445
long1m-h2-c64,main,srv peak RSS MiB,3,1679.80859375,1613.56640625,1913.8984375
long1m-h2-c64,main,errors,3,0,0,0
long1m-h2-c64,main,client CPU %,3,4.22044189672631,4.200448605390786,4.265445606410511
long1m-h2-c1000,main,streams/s,3,1735.5892168869266,1731.5825385827864,1735.6821726880717
long1m-h2-c1000,main,GiB/s,3,26.85538943681236,26.782211413003242,26.918236686625324
long1m-h2-c1000,main,TTFB p50 ms,3,28.988,28.973,29.061
long1m-h2-c1000,main,TTFB p99 ms,3,38.283,38.228,38.308
long1m-h2-c1000,main,TTFB p99.9 ms,3,40.129,40.033,40.319
long1m-h2-c1000,main,TTLB p50 ms,3,588.589,586.921,589.729
long1m-h2-c1000,main,TTLB p99 ms,3,688.809,686.855,689.433
long1m-h2-c1000,main,TTLB p99.9 ms,3,730.265,726.057,733.401
long1m-h2-c1000,main,srv CPU us/stream,3,9261.265414313702,9222.594432251357,9264.765197349467
long1m-h2-c1000,main,srv cores busy,3,16.073752387810696,15.969683479317277,16.080687787180352
long1m-h2-c1000,main,srv ctxsw/stream,3,28.266666666666666,28.128097268641234,28.302876285087212
long1m-h2-c1000,main,srv peak RSS MiB,3,15177.67578125,15129.4453125,15341.80859375
long1m-h2-c1000,main,errors,3,0,0,0
long1m-h2-c1000,main,client CPU %,3,48.897632168338546,48.88015280884468,48.932834740829264
cpu-h1-c4,main,streams/s,3,139.3212891428409,133.81555402415887,142.21450215319967
cpu-h1-c4,main,GiB/s,3,0.5443016839381967,0.5228635086584303,0.5552568176120937
cpu-h1-c4,main,TTFB p50 ms,3,1.619,1.619,1.621
cpu-h1-c4,main,TTFB p99 ms,3,3.994,3.639,4.062
cpu-h1-c4,main,TTFB p99.9 ms,3,4.204,4.135,4.247
cpu-h1-c4,main,TTLB p50 ms,3,44.752,44.712,44.776
cpu-h1-c4,main,TTLB p99 ms,3,46.722,46.023,46.986
cpu-h1-c4,main,TTLB p99.9 ms,3,47.017,47.0,48.006
cpu-h1-c4,main,srv CPU us/stream,3,5201.793721973094,5161.521895190237,5218.002812939521
cpu-h1-c4,main,srv cores busy,3,0.7191098843769032,0.6960809088252211,0.7420756722761895
cpu-h1-c4,main,srv ctxsw/stream,3,49.9050822122571,49.34388185654009,50.845656855707105
cpu-h1-c4,main,srv peak RSS MiB,3,28.98046875,28.97265625,29.0078125
cpu-h1-c4,main,errors,3,0,0,0
cpu-h1-c4,main,client CPU %,3,0.8351276125934827,0.8075938705120201,0.8550871964907576
cpu-h1-c64,main,streams/s,3,2327.0484168398893,2283.7386678188273,2382.330793060239
cpu-h1-c64,main,GiB/s,3,9.09075481947231,8.920452632688834,9.304658037591128
cpu-h1-c64,main,TTFB p50 ms,3,1.693,1.692,1.694
cpu-h1-c64,main,TTFB p99 ms,3,2.057,2.038,2.1
cpu-h1-c64,main,TTFB p99.9 ms,3,2.531,2.498,3.231
cpu-h1-c64,main,TTLB p50 ms,3,44.67,44.576,44.711
cpu-h1-c64,main,TTLB p99 ms,3,46.026,46.025,46.028
cpu-h1-c64,main,TTLB p99.9 ms,3,46.266,46.24,46.268
cpu-h1-c64,main,srv CPU us/stream,3,5173.629018394361,5156.374627429579,5177.578278957741
cpu-h1-c64,main,srv cores busy,3,12.03928521657151,11.824235721314647,12.284190055480005
cpu-h1-c64,main,srv ctxsw/stream,3,31.449183493556106,30.47735086814509,31.640070067878256
cpu-h1-c64,main,srv peak RSS MiB,3,67.72265625,67.1953125,69.640625
cpu-h1-c64,main,errors,3,0,0,0
cpu-h1-c64,main,client CPU %,3,13.14390313663325,12.871345152103483,13.468804817404296
cpu-h1-c1000,main,streams/s,3,4859.308418749375,4835.503812592886,4867.52183825474
cpu-h1-c1000,main,GiB/s,3,18.965618814860985,18.893022876110965,19.035006725413517
cpu-h1-c1000,main,TTFB p50 ms,3,68.568,68.145,68.738
cpu-h1-c1000,main,TTFB p99 ms,3,252.775,252.581,267.232
cpu-h1-c1000,main,TTFB p99.9 ms,3,346.493,343.523,400.165
cpu-h1-c1000,main,TTLB p50 ms,3,192.96,192.087,193.022
cpu-h1-c1000,main,TTLB p99 ms,3,434.581,433.738,449.997
cpu-h1-c1000,main,TTLB p99.9 ms,3,541.972,533.736,551.069
cpu-h1-c1000,main,srv CPU us/stream,3,4937.844735325595,4929.114444216149,4961.944157187177
cpu-h1-c1000,main,srv cores busy,3,23.993499889951586,23.992572200478985,23.99451049284494
cpu-h1-c1000,main,srv ctxsw/stream,3,0.038800413650465354,0.03799054859256215,0.03976290442084465
cpu-h1-c1000,main,srv peak RSS MiB,3,1921.19140625,1789.2421875,2014.890625
cpu-h1-c1000,main,errors,3,0,0,0
cpu-h1-c1000,main,client CPU %,3,26.76780065609349,26.760368930984423,26.815293893515356
cpu-h2-c4,main,streams/s,3,296.7304164997085,296.4302152504126,299.13122813360536
cpu-h2-c4,main,GiB/s,3,1.1593870320239736,1.1579900436656905,1.1683531726865262
cpu-h2-c4,main,TTFB p50 ms,3,3.029,2.882,3.127
cpu-h2-c4,main,TTFB p99 ms,3,9.046,8.987,9.056
cpu-h2-c4,main,TTFB p99.9 ms,3,9.881,9.509,9.923
cpu-h2-c4,main,TTLB p50 ms,3,13.396,13.381,13.398
cpu-h2-c4,main,TTLB p99 ms,3,17.457,17.139,17.531
cpu-h2-c4,main,TTLB p99.9 ms,3,19.018,18.41,19.052
cpu-h2-c4,main,srv CPU us/stream,3,5861.139197842939,5717.151454363089,5927.800269905533
cpu-h2-c4,main,srv cores busy,3,1.7391782753387026,1.7101785359694592,1.7571791099695508
cpu-h2-c4,main,srv ctxsw/stream,3,85.02258173238963,84.68286099865047,86.14343029087262
cpu-h2-c4,main,srv peak RSS MiB,3,29.1015625,27.27734375,30.15625
cpu-h2-c4,main,errors,3,0,0,0
cpu-h2-c4,main,client CPU %,3,3.7003771809262025,3.6878780277811765,3.7728938754063064
cpu-h2-c64,main,streams/s,3,302.2136851423043,299.73144200810555,302.53736272896856
cpu-h2-c64,main,GiB/s,3,1.180579452750767,1.172847947656125,1.1819871148785555
cpu-h2-c64,main,TTFB p50 ms,3,14.518,14.481,14.564
cpu-h2-c64,main,TTFB p99 ms,3,20.252,20.207,20.305
cpu-h2-c64,main,TTFB p99.9 ms,3,22.796,22.54,23.225
cpu-h2-c64,main,TTLB p50 ms,3,209.474,209.332,210.336
cpu-h2-c64,main,TTLB p99 ms,3,303.04,295.638,305.997
cpu-h2-c64,main,TTLB p99.9 ms,3,336.361,328.792,346.266
cpu-h2-c64,main,srv CPU us/stream,3,6634.679020516214,6609.9432766099435,6723.966942148761
cpu-h2-c64,main,srv cores busy,3,2.0050907965265394,1.9812078298900802,2.034251225754453
cpu-h2-c64,main,srv ctxsw/stream,3,56.334215751158176,54.14514514514514,60.57719008264463
cpu-h2-c64,main,srv peak RSS MiB,3,198.546875,197.2578125,207.2421875
cpu-h2-c64,main,errors,3,0,0,0
cpu-h2-c64,main,client CPU %,3,4.155513197153271,4.142934596324915,4.165188612235928
cpu-h2-c1000,main,streams/s,3,4505.848999742296,4499.278311978357,4514.770765531694
cpu-h2-c1000,main,GiB/s,3,17.59893845316277,17.57468633132134,17.62940937535792
cpu-h2-c1000,main,TTFB p50 ms,3,9.485,9.457,9.486
cpu-h2-c1000,main,TTFB p99 ms,3,17.048,16.897,17.062
cpu-h2-c1000,main,TTFB p99.9 ms,3,20.196,19.926,20.221
cpu-h2-c1000,main,TTLB p50 ms,3,223.867,223.33,224.276
cpu-h2-c1000,main,TTLB p99 ms,3,281.916,281.664,281.97
cpu-h2-c1000,main,TTLB p99.9 ms,3,304.782,304.208,305.095
cpu-h2-c1000,main,srv CPU us/stream,3,5317.396901495983,5308.021177148174,5326.9760825108915
cpu-h2-c1000,main,srv cores busy,3,23.964498833411707,23.959387509838457,23.967547956468685
cpu-h2-c1000,main,srv ctxsw/stream,3,0.7827348647630862,0.7516671112296612,0.7875660318728637
cpu-h2-c1000,main,srv peak RSS MiB,3,2324.39453125,2296.5546875,2344.8515625
cpu-h2-c1000,main,errors,3,0,0,0
cpu-h2-c1000,main,client CPU %,3,33.776021903488726,33.770865205930214,33.9211061053005
echo-h1-c64,main,streams/s,3,1545.4598297555876,1543.2635069166415,1547.360162144095
echo-h1-c64,main,GiB/s,3,1.5088230344961384,1.5065576401489398,1.5102179640237396
echo-h1-c64,main,TTFB p50 ms,3,0.563,0.562,0.566
echo-h1-c64,main,TTFB p99 ms,3,0.67,0.669,0.674
echo-h1-c64,main,TTFB p99.9 ms,3,0.702,0.701,0.709
echo-h1-c64,main,TTLB p50 ms,3,42.0,42.0,42.0
echo-h1-c64,main,TTLB p99 ms,3,43.027,43.027,43.032
echo-h1-c64,main,TTLB p99.9 ms,3,43.057,43.056,43.061
echo-h1-c64,main,srv CPU us/stream,3,1333.0309118009202,1329.838866239565,1348.2419855222338
echo-h1-c64,main,srv cores busy,3,2.057217959774176,2.055212547820962,2.08621593732716
echo-h1-c64,main,srv ctxsw/stream,3,36.507355323699045,34.84559203722854,36.788778877887786
echo-h1-c64,main,srv peak RSS MiB,3,24.12890625,24.11328125,24.48828125
echo-h1-c64,main,errors,3,0,0,0
echo-h1-c64,main,client CPU %,3,4.640491654522206,4.6329795444238115,4.675483533363989
echo-h1-c1000,main,streams/s,3,18358.496161512183,18271.168988871854,18366.634230657426
echo-h1-c1000,main,GiB/s,3,17.928037220092204,17.837321093008168,17.934234266338688
echo-h1-c1000,main,TTFB p50 ms,3,0.724,0.718,0.733
echo-h1-c1000,main,TTFB p99 ms,3,2.34,2.338,2.41
echo-h1-c1000,main,TTFB p99.9 ms,3,3.202,3.128,3.406
echo-h1-c1000,main,TTLB p50 ms,3,54.023,53.989,54.12
echo-h1-c1000,main,TTLB p99 ms,3,83.584,81.167,83.924
echo-h1-c1000,main,TTLB p99.9 ms,3,95.359,91.792,96.315
echo-h1-c1000,main,srv CPU us/stream,3,1298.177757197723,1296.672420458815,1302.9032469949423
echo-h1-c1000,main,srv cores busy,3,23.81550806354829,23.805565401994436,23.83259137247489
echo-h1-c1000,main,srv ctxsw/stream,3,0.5410597504995998,0.5295399449786179,0.5493946095067107
echo-h1-c1000,main,srv peak RSS MiB,3,157.05078125,155.93359375,157.07421875
echo-h1-c1000,main,errors,3,0,0,0
echo-h1-c1000,main,client CPU %,3,56.27842680493937,56.18605487896683,56.44613751835848
echo-h2-c64,main,streams/s,3,503.8572038656835,500.0555994819174,504.2433684593911
echo-h2-c64,main,GiB/s,3,0.6321055726781184,0.6292492243774354,0.6373617856007571
echo-h2-c64,main,TTFB p50 ms,3,4.346,4.19,4.37
echo-h2-c64,main,TTFB p99 ms,3,8.778,8.735,8.855
echo-h2-c64,main,TTFB p99.9 ms,3,9.312,9.31,9.335
echo-h2-c64,main,TTLB p50 ms,3,95.713,95.293,96.243
echo-h2-c64,main,TTLB p99 ms,3,104.449,103.737,105.265
echo-h2-c64,main,TTLB p99.9 ms,3,107.68,106.854,108.875
echo-h2-c64,main,srv CPU us/stream,3,3006.0,3001.190948789202,3010.710035700119
echo-h2-c64,main,srv cores busy,3,1.512171679723925,1.5031671320426436,1.5181305698559215
echo-h2-c64,main,srv ctxsw/stream,3,257.9286,256.7122173740579,260.546248511314
echo-h2-c64,main,srv peak RSS MiB,3,39.12890625,39.0390625,39.48828125
echo-h2-c64,main,errors,3,3380,3331,3479
echo-h2-c64,main,client CPU %,3,3.5729056387656897,3.5278034157883815,3.5953997602749856
echo-h2-c1000,main,streams/s,3,9351.490951311936,9335.486822571358,9431.88524152769
echo-h2-c1000,main,GiB/s,3,11.813382693188439,11.702681582844447,11.86205976327803
echo-h2-c1000,main,TTFB p50 ms,3,3.679,3.593,3.689
echo-h2-c1000,main,TTFB p99 ms,3,7.312,7.309,7.379
echo-h2-c1000,main,TTFB p99.9 ms,3,7.88,7.856,7.911
echo-h2-c1000,main,TTLB p50 ms,3,81.868,81.514,82.568
echo-h2-c1000,main,TTLB p99 ms,3,90.182,89.747,91.247
echo-h2-c1000,main,TTLB p99.9 ms,3,94.448,93.782,95.59
echo-h2-c1000,main,srv CPU us/stream,3,2190.9047083400287,2190.1409197425482,2196.780920806374
echo-h2-c1000,main,srv cores busy,3,20.54317690293551,20.453162034217886,20.657157817785627
echo-h2-c1000,main,srv ctxsw/stream,3,30.875335333849367,30.63151748888532,31.022768835891128
echo-h2-c1000,main,srv peak RSS MiB,3,62.75,62.28515625,63.36328125
echo-h2-c1000,main,errors,3,62404,61550,62816
echo-h2-c1000,main,client CPU %,3,51.79048809300985,51.52044605118255,51.79791073723854
echo-h2old-c64,main,streams/s,3,643.9498936885278,641.0803978285837,650.44768958875
echo-h2old-c64,main,GiB/s,3,0.6286383431468946,0.625392697415338,0.6351597828510955
echo-h2old-c64,main,TTFB p50 ms,3,8.232,8.135,8.256
echo-h2old-c64,main,TTFB p99 ms,3,9.209,9.112,9.242
echo-h2old-c64,main,TTFB p99.9 ms,3,9.452,9.356,9.475
echo-h2old-c64,main,TTLB p50 ms,3,98.906,97.944,99.471
echo-h2old-c64,main,TTLB p99 ms,3,111.192,110.047,112.281
echo-h2old-c64,main,TTLB p99.9 ms,3,116.951,114.603,117.227
echo-h2old-c64,main,srv CPU us/stream,3,2324.8951700574626,2317.0356703567036,2371.2948517940717
echo-h2old-c64,main,srv cores busy,3,1.5071104984782384,1.4971159975954749,1.520190646957016
echo-h2old-c64,main,srv ctxsw/stream,3,203.68252730109205,203.44664821648217,204.9872651032769
echo-h2old-c64,main,srv peak RSS MiB,3,30.0234375,29.65234375,30.140625
echo-h2old-c64,main,errors,3,0,0,0
echo-h2old-c64,main,client CPU %,3,3.517772559480349,3.5004389897036545,3.577762314735168
echo-h2old-c1000,main,streams/s,3,12079.77464211653,11989.143526202919,12093.792638979321
echo-h2old-c1000,main,GiB/s,3,11.797286740892327,11.709736457063585,11.808202688877453
echo-h2old-c1000,main,TTFB p50 ms,3,6.412,6.396,6.455
echo-h2old-c1000,main,TTFB p99 ms,3,7.813,7.808,7.878
echo-h2old-c1000,main,TTFB p99.9 ms,3,8.163,8.145,8.211
echo-h2old-c1000,main,TTLB p50 ms,3,84.096,83.98,84.705
echo-h2old-c1000,main,TTLB p99 ms,3,94.978,94.968,95.811
echo-h2old-c1000,main,TTLB p99.9 ms,3,99.433,99.129,100.231
echo-h2old-c1000,main,srv CPU us/stream,3,1702.2948108331611,1701.5357867284845,1715.9945945044128
echo-h2old-c1000,main,srv cores busy,3,20.573305483701784,20.55416884917655,20.587200452626778
echo-h2old-c1000,main,srv ctxsw/stream,3,23.194980359727104,22.964438846160263,23.39840211946848
echo-h2old-c1000,main,srv peak RSS MiB,3,61.890625,61.34375,62.5
echo-h2old-c1000,main,errors,3,0,0,0
echo-h2old-c1000,main,client CPU %,3,51.232976011024455,51.06572252189068,51.26290919553653
slow64k-h1-c64,main,plateau KiB/stream,3,2749.25,2748.125,2768.9375
slow64k-h1-c64,main,peak KiB/stream,3,2798.1875,2792.9375,2814.6875
slow64k-h1-c64,main,srv RSS baseline MiB,3,15.95703125,15.93359375,16.01171875
slow64k-h1-c64,main,srv RSS plateau MiB,3,187.83984375,187.71484375,188.9921875
slow64k-h1-c64,main,srv peak RSS MiB,3,190.8984375,190.515625,191.8515625
slow64k-h1-c64,main,TTFB p50 ms,3,4.702,3.201,4.828
slow64k-h1-c64,main,TTFB p99 ms,3,7.112,5.475,7.2
slow64k-h1-c64,main,drain s,3,0.033698885,0.031479196,0.034598316
slow64k-h1-c64,main,srv CPU us/stream,3,12968.75,12500.0,13125.0
slow64k-h1-c64,main,errors,3,0,0,0
slow64k-h1-c1000,main,plateau KiB/stream,3,2544.02,2536.32,2565.372
slow64k-h1-c1000,main,peak KiB/stream,3,2725.652,2692.232,2739.964
slow64k-h1-c1000,main,srv RSS baseline MiB,3,39.375,39.1640625,39.40234375
slow64k-h1-c1000,main,srv RSS plateau MiB,3,2523.55859375,2516.27734375,2544.62109375
slow64k-h1-c1000,main,srv peak RSS MiB,3,2701.14453125,2668.53515625,2714.91015625
slow64k-h1-c1000,main,TTFB p50 ms,3,36.137,35.82,36.424
slow64k-h1-c1000,main,TTFB p99 ms,3,103.96,103.561,104.706
slow64k-h1-c1000,main,drain s,3,0.336938154,0.332594969,0.340007348
slow64k-h1-c1000,main,srv CPU us/stream,3,10120.0,10100.0,10140.0
slow64k-h1-c1000,main,errors,3,0,0,0
slow64k-h1-c5000,main,plateau KiB/stream,3,2471.3944,2459.1808,2472.3832
slow64k-h1-c5000,main,peak KiB/stream,3,2538.1344,2521.9744,2568.1704
slow64k-h1-c5000,main,srv RSS baseline MiB,3,138.98828125,138.9453125,138.98828125
slow64k-h1-c5000,main,srv RSS plateau MiB,3,12206.34375,12146.70703125,12211.12890625
slow64k-h1-c5000,main,srv peak RSS MiB,3,12532.1796875,12449.3828125,12675.09375
slow64k-h1-c5000,main,TTFB p50 ms,3,179.432,174.088,187.252
slow64k-h1-c5000,main,TTFB p99 ms,3,374.669,357.737,399.464
slow64k-h1-c5000,main,drain s,3,1.753377097,1.737566262,1.753597666
slow64k-h1-c5000,main,srv CPU us/stream,3,9938.0,9906.0,9966.0
slow64k-h1-c5000,main,errors,3,0,0,0
slow64k-h2-c64,main,plateau KiB/stream,3,3694.0,3609.6875,3710.3125
slow64k-h2-c64,main,peak KiB/stream,3,4491.6875,4477.4375,4708.5
slow64k-h2-c64,main,srv RSS baseline MiB,3,17.1953125,16.9375,17.75390625
slow64k-h2-c64,main,srv RSS plateau MiB,3,248.0703125,243.359375,248.83203125
slow64k-h2-c64,main,srv peak RSS MiB,3,297.59375,292.7109375,311.4765625
slow64k-h2-c64,main,TTFB p50 ms,3,8.139,6.791,9.701
slow64k-h2-c64,main,TTFB p99 ms,3,10.542,10.396,13.455
slow64k-h2-c64,main,drain s,3,0.709793331,0.668619442,0.709931921
slow64k-h2-c64,main,srv CPU us/stream,3,15468.75,15312.5,15625.0
slow64k-h2-c64,main,errors,3,0,0,0
slow64k-h2-c1000,main,plateau KiB/stream,3,2836.22,2822.476,2840.56
slow64k-h2-c1000,main,peak KiB/stream,3,3968.288,3831.668,4034.78
slow64k-h2-c1000,main,srv RSS baseline MiB,3,59.953125,59.3203125,64.70703125
slow64k-h2-c1000,main,srv RSS plateau MiB,3,2829.06640625,2816.27734375,2838.69140625
slow64k-h2-c1000,main,srv peak RSS MiB,3,3939.98828125,3801.18359375,4000.16796875
slow64k-h2-c1000,main,TTFB p50 ms,3,51.668,45.202,56.89
slow64k-h2-c1000,main,TTFB p99 ms,3,70.845,70.519,71.098
slow64k-h2-c1000,main,drain s,3,0.73106477,0.674597452,0.791526308
slow64k-h2-c1000,main,srv CPU us/stream,3,12920.0,12850.0,12940.0
slow64k-h2-c1000,main,errors,3,0,0,0
slow64k-h2-c5000,main,plateau KiB/stream,3,2733.8032,2710.5304,2736.2912
slow64k-h2-c5000,main,peak KiB/stream,3,2869.8008,2868.4528,2870.3336
slow64k-h2-c5000,main,srv RSS baseline MiB,3,197.265625,196.765625,197.4453125
slow64k-h2-c5000,main,srv RSS plateau MiB,3,13545.4140625,13432.45703125,13558.0625
slow64k-h2-c5000,main,srv peak RSS MiB,3,14209.60546875,14201.08984375,14209.703125
slow64k-h2-c5000,main,TTFB p50 ms,3,201.938,200.476,202.095
slow64k-h2-c5000,main,TTFB p99 ms,3,380.133,377.277,385.73
slow64k-h2-c5000,main,drain s,3,2.11122275,2.104179997,2.118828623
slow64k-h2-c5000,main,srv CPU us/stream,3,12082.0,12052.0,12084.0
slow64k-h2-c5000,main,errors,3,0,0,0
slow64k-h3-c1000,main,plateau KiB/stream,3,239.312,233.3,249.18
slow64k-h3-c1000,main,peak KiB/stream,3,268.408,257.092,277.968
slow64k-h3-c1000,main,srv RSS baseline MiB,3,81.6015625,77.8125,83.20703125
slow64k-h3-c1000,main,srv RSS plateau MiB,3,316.91015625,309.43359375,321.15234375
slow64k-h3-c1000,main,srv peak RSS MiB,3,345.32421875,332.66796875,345.9453125
slow64k-h3-c1000,main,TTFB p50 ms,3,24.444,24.35,27.757
slow64k-h3-c1000,main,TTFB p99 ms,3,79.139,77.805,88.189
slow64k-h3-c1000,main,drain s,3,2.132389426,2.120828153,2.265152774
slow64k-h3-c1000,main,srv CPU us/stream,3,32100.0,31860.0,32310.000000000004
slow64k-h3-c1000,main,errors,3,0,0,0
slow256k-h1-c64,main,plateau KiB/stream,3,9397.5,9320.375,9413.125
slow256k-h1-c64,main,peak KiB/stream,3,10606.875,10535.75,10926.625
slow256k-h1-c64,main,srv RSS baseline MiB,3,15.8984375,15.89453125,15.95703125
slow256k-h1-c64,main,srv RSS plateau MiB,3,603.30078125,598.41796875,604.21875
slow256k-h1-c64,main,srv peak RSS MiB,3,678.828125,674.37890625,698.87109375
slow256k-h1-c64,main,TTFB p50 ms,3,17.457,16.973,17.663
slow256k-h1-c64,main,TTFB p99 ms,3,22.845,22.777,22.978
slow256k-h1-c64,main,drain s,3,0.061238304,0.055977706,0.064208349
slow256k-h1-c64,main,srv CPU us/stream,3,24687.5,24531.25,25156.25
slow256k-h1-c64,main,errors,3,0,0,0
slow256k-h1-c1000,main,plateau KiB/stream,3,8980.484,8977.42,8981.004
slow256k-h1-c1000,main,peak KiB/stream,3,9225.284,9201.352,9268.144
slow256k-h1-c1000,main,srv RSS baseline MiB,3,39.390625,39.3828125,39.53125
slow256k-h1-c1000,main,srv RSS plateau MiB,3,8809.53515625,8806.39453125,8809.90234375
slow256k-h1-c1000,main,srv peak RSS MiB,3,9047.48046875,9022.26953125,9090.05078125
slow256k-h1-c1000,main,TTFB p50 ms,3,134.086,126.903,145.168
slow256k-h1-c1000,main,TTFB p99 ms,3,242.579,239.822,262.673
slow256k-h1-c1000,main,drain s,3,0.690819659,0.679905866,0.692102171
slow256k-h1-c1000,main,srv CPU us/stream,3,21520.0,21280.0,21750.0
slow256k-h1-c1000,main,errors,3,0,0,0
slow256k-h2-c64,main,plateau KiB/stream,3,10116.5625,10096.5625,10130.125
slow256k-h2-c64,main,peak KiB/stream,3,14065.4375,13744.6875,15081.3125
slow256k-h2-c64,main,srv RSS baseline MiB,3,17.02734375,16.7890625,17.62109375
slow256k-h2-c64,main,srv RSS plateau MiB,3,649.07421875,648.65625,650.16015625
slow256k-h2-c64,main,srv peak RSS MiB,3,895.87890625,876.6640625,959.609375
slow256k-h2-c64,main,TTFB p50 ms,3,19.42,18.95,19.479
slow256k-h2-c64,main,TTFB p99 ms,3,23.717,20.716,23.785
slow256k-h2-c64,main,drain s,3,1.438877825,1.417488367,1.477215446
slow256k-h2-c64,main,srv CPU us/stream,3,26718.75,26093.75,26718.75
slow256k-h2-c64,main,errors,3,0,0,0
slow256k-h2-c1000,main,plateau KiB/stream,3,9522.312,9355.16,9613.036
slow256k-h2-c1000,main,peak KiB/stream,3,10577.052,10566.784,10678.992
slow256k-h2-c1000,main,srv RSS baseline MiB,3,61.42578125,60.2578125,62.55078125
slow256k-h2-c1000,main,srv RSS plateau MiB,3,9360.55859375,9196.15625,9450.28125
slow256k-h2-c1000,main,srv peak RSS MiB,3,10388.87109375,10377.80859375,10487.3984375
slow256k-h2-c1000,main,TTFB p50 ms,3,174.45,163.155,272.368
slow256k-h2-c1000,main,TTFB p99 ms,3,236.784,222.72,313.511
slow256k-h2-c1000,main,drain s,3,1.333653595,1.270953295,1.469999458
slow256k-h2-c1000,main,srv CPU us/stream,3,24340.0,24270.0,25380.0
slow256k-h2-c1000,main,errors,3,0,0,0
